1,1,1,1,1,1,1,1,1,1,1,1,1,1,1,1,1,1,1,1,1,1,1,1,1,1,1,1,1,1,1,1,1,1,1,1,1,1,1,1,1,1,1,1,1,1,1,1,1,1,1,1,1,1,1,1,1,1,1,1,1,1,1,1,1,1,1,1,1,1,1,1,1,1,1,1,1,1,1,1,1,1,1,1,1,1,1,1,1,1,1,1
1,0.5523,0.68503,0.64636,0.45284,0.66361,0.67982,0.55372,0.61907,0.60157,0.4327,0.51268,0.63621,0.57985,0.66034,0.56755,0.57962,0.63165,0.48628,0.43631,0.66574,0.6007,0.62943,0.49659,0.60441,0.45549,0.32148,0.52044,0.555,0.57765,0.48274,0.43722,0.49851,0.46463,0.42168,0.44749,0.57007,0.58129,0.43002,0.44642,0.61238,0.51415,0.36734,0.3701,0.50746,0.62114,0.53946,0.51847,0.54974,0.65358,0.52117,0.43613,0.56418,0.37292,0.34179,0.5653,0.66554,0.48046,0.62294,0.35205,0.29643,0.51791,0.45871,0.35926,0.55312,0.41444,0.3077,0.66717,0.63699,0.50135,0.35508,0.34965,0.71672,0.54667,0.14677,0.35682,0.38039,0.59566,0.69971,0.57656,0.26181,0.42569,0.57312,0.628,0.47904,0.38222,0.48481,0.43484,0.60339,0.32247,0.37086,0.26987
0.5523,1,0.64753,0.38805,0.50059,0.46878,0.43534,0.49635,0.52643,0.35929,0.51147,0.36548,0.60522,0.57807,0.63754,0.5695,0.62917,0.61309,0.41793,0.45878,0.62591,0.63256,0.64143,0.47478,0.39964,0.32524,0.32492,0.32122,0.44193,0.36504,0.34128,0.27698,0.34165,0.42659,0.39367,0.42869,0.44685,0.38154,0.38096,0.41884,0.55161,0.44257,0.32722,0.42071,0.36731,0.51123,0.6107,0.54312,0.37921,0.56555,0.4652,0.48225,0.42261,0.42698,0.43028,0.34868,0.53332,0.50533,0.44207,0.29173,0.12387,0.54231,0.35708,0.48613,0.58495,0.30619,0.3007,0.46146,0.6029,0.46488,0.20791,0.24554,0.49202,0.34856,0.049293,0.24064,0.36401,0.48842,0.51398,0.47439,0.31273,0.3816,0.36042,0.42911,0.30017,0.30782,0.32198,0.30099,0.36769,0.2203,0.25376,0.20991
0.68503,0.64753,1,0.5282,0.47358,0.60393,0.55842,0.52677,0.65418,0.47829,0.48515,0.43883,0.65249,0.61627,0.67557,0.57222,0.60487,0.6522,0.46154,0.45638,0.70319,0.63449,0.64945,0.504,0.54824,0.42854,0.32893,0.45151,0.56178,0.49886,0.46638,0.39738,0.45147,0.4134,0.44014,0.42994,0.51396,0.49734,0.43042,0.46374,0.68704,0.58021,0.33687,0.39711,0.47131,0.60294,0.58627,0.54162,0.51909,0.6377,0.53766,0.46985,0.5546,0.37712,0.39772,0.48689,0.66981,0.5251,0.5609,0.28067,0.21584,0.53534,0.38075,0.46964,0.6198,0.39434,0.30851,0.57473,0.63954,0.51067,0.27735,0.3225,0.60206,0.4863,0.076768,0.31316,0.32476,0.57191,0.63102,0.58176,0.32439,0.41886,0.49501,0.53952,0.40904,0.38108,0.41355,0.38101,0.49527,0.28814,0.31245,0.2554
0.64636,0.38805,0.5282,1,0.35274,0.70093,0.74555,0.44896,0.56492,0.72949,0.27449,0.5025,0.47821,0.4549,0.49388,0.43333,0.41848,0.49773,0.45873,0.35035,0.50125,0.44265,0.43867,0.38953,0.64164,0.39632,0.3097,0.60812,0.51969,0.5876,0.57424,0.48431,0.4841,0.38067,0.32551,0.37658,0.54528,0.63847,0.37815,0.36921,0.54612,0.49754,0.32161,0.22474,0.51344,0.56178,0.40569,0.3794,0.56545,0.55474,0.41761,0.33991,0.59991,0.31087,0.21091,0.64611,0.57213,0.31497,0.68323,0.38192,0.42447,0.41972,0.56314,0.17605,0.4362,0.38919,0.27727,0.66714,0.56422,0.39398,0.42162,0.35715,0.70681,0.62065,0.24458,0.40975,0.39835,0.56795,0.6527,0.66399,0.22422,0.46669,0.69974,0.62247,0.53506,0.36609,0.60658,0.47486,0.69367,0.33367,0.47981,0.28742
0.45284,0.50059,0.47358,0.35274,1,0.40832,0.40151,0.40596,0.47189,0.32511,0.53367,0.42969,0.49928,0.43171,0.48407,0.48074,0.46184,0.4515,0.32372,0.43645,0.49799,0.47176,0.47198,0.43912,0.38354,0.41806,0.29137,0.31996,0.41497,0.35714,0.33258,0.29501,0.39683,0.41926,0.3603,0.43033,0.42583,0.36845,0.49853,0.49081,0.42709,0.37377,0.42307,0.38766,0.37326,0.40263,0.48312,0.50251,0.34504,0.45313,0.40157,0.45214,0.40039,0.37896,0.40218,0.33417,0.45545,0.39006,0.3786,0.25623,0.17987,0.51932,0.30339,0.39964,0.46845,0.33363,0.31725,0.36719,0.41527,0.42051,0.25665,0.29038,0.38388,0.34773,0.11384,0.23612,0.23981,0.44235,0.45705,0.38189,0.32602,0.30036,0.3243,0.39664,0.32401,0.31092,0.28883,0.29139,0.32581,0.26485,0.2339,0.22837
0.66361,0.46878,0.60393,0.70093,0.40832,1,0.71248,0.50088,0.58858,0.66305,0.36457,0.51157,0.55739,0.5309,0.58295,0.4998,0.49861,0.58359,0.48827,0.4082,0.59084,0.53525,0.54215,0.46161,0.63733,0.40977,0.34075,0.57983,0.53306,0.57553,0.53264,0.46481,0.48782,0.40244,0.37369,0.39636,0.57368,0.60928,0.39273,0.41498,0.58899,0.53802,0.34338,0.30482,0.52962,0.59034,0.46927,0.44887,0.55208,0.61357,0.44802,0.3714,0.59763,0.32229,0.26226,0.60922,0.61395,0.3965,0.64597,0.36859,0.36354,0.46115,0.50891,0.25374,0.50162,0.38889,0.28628,0.65176,0.58171,0.44193,0.38514,0.34542,0.68779,0.58273,0.21226,0.38792,0.39984,0.60776,0.67547,0.65678,0.26992,0.43602,0.67072,0.63132,0.51141,0.3533,0.56659,0.48289,0.64826,0.32888,0.39526,0.29589
0.67982,0.43534,0.55842,0.74555,0.40151,0.71248,1,0.48216,0.56532,0.72012,0.33078,0.50223,0.51563,0.49065,0.52829,0.46438,0.45404,0.53716,0.47094,0.37645,0.53744,0.48147,0.49208,0.42517,0.62271,0.44727,0.32734,0.58468,0.5322,0.59059,0.5544,0.4738,0.51038,0.41938,0.35223,0.40799,0.56808,0.62308,0.39383,0.41487,0.56516,0.52263,0.34368,0.26007,0.51614,0.58717,0.44702,0.42461,0.56116,0.58986,0.44013,0.36849,0.56656,0.32737,0.24406,0.62221,0.59801,0.35712,0.66476,0.37646,0.38068,0.45707,0.52874,0.21665,0.45113,0.39924,0.29887,0.68152,0.57599,0.41312,0.39548,0.33856,0.7257,0.60441,0.22158,0.39769,0.41487,0.58875,0.69823,0.62621,0.22844,0.45925,0.66329,0.63804,0.53655,0.36314,0.57989,0.48617,0.67125,0.33246,0.42367,0.30884
0.55372,0.49635,0.52677,0.44896,0.40596,0.50088,0.48216,1,0.63213,0.39188,0.49625,0.57243,0.49081,0.46164,0.52844,0.46493,0.53194,0.48098,0.35692,0.382,0.52669,0.54412,0.53163,0.39359,0.49027,0.37858,0.29883,0.43002,0.53638,0.41358,0.41528,0.36115,0.45668,0.45744,0.54155,0.44959,0.427,0.41039,0.45202,0.44396,0.49787,0.4119,0.33338,0.38098,0.48506,0.43283,0.48491,0.46787,0.47312,0.51508,0.6236,0.39876,0.51612,0.38781,0.38364,0.43127,0.59974,0.46193,0.44174,0.39447,0.18787,0.46006,0.53635,0.43706,0.62164,0.47089,0.22367,0.45399,0.55623,0.59581,0.3022,0.34716,0.51536,0.46689,0.045826,0.34478,0.26018,0.5224,0.46879,0.45982,0.38288,0.30482,0.51641,0.47018,0.3872,0.40513,0.44948,0.3587,0.41351,0.33171,0.25655,0.22528
0.61907,0.52643,0.65418,0.56492,0.47189,0.58858,0.56532,0.63213,1,0.50755,0.48421,0.6249,0.53941,0.49344,0.56176,0.52626,0.51923,0.51607,0.44085,0.43398,0.58939,0.56591,0.54166,0.45365,0.66443,0.48338,0.31857,0.58086,0.66777,0.51472,0.54953,0.50404,0.53494,0.43664,0.48219,0.4583,0.52211,0.52161,0.5218,0.49309,0.62949,0.51532,0.35896,0.31482,0.63103,0.49559,0.53876,0.51213,0.60755,0.59664,0.67896,0.4347,0.68759,0.39629,0.37627,0.62469,0.73596,0.37934,0.56895,0.35627,0.33546,0.51449,0.51333,0.39296,0.62079,0.55354,0.32753,0.52835,0.59671,0.60213,0.41217,0.46715,0.58387,0.61245,0.11918,0.40835,0.28854,0.63165,0.54065,0.5775,0.38537,0.40557,0.60967,0.54502,0.52744,0.48169,0.4988,0.43308,0.51269,0.41934,0.37758,0.23809
0.60157,0.35929,0.47829,0.72949,0.32511,0.66305,0.72012,0.39188,0.50755,1,0.24708,0.4446,0.45251,0.43614,0.46659,0.41833,0.40319,0.47841,0.44622,0.34726,0.46889,0.4105,0.41701,0.37089,0.58263,0.3557,0.28088,0.56412,0.46266,0.55496,0.52139,0.45019,0.43606,0.33236,0.2872,0.3294,0.5013,0.59714,0.32676,0.34102,0.48984,0.45699,0.28961,0.20449,0.47018,0.5225,0.36824,0.36051,0.52223,0.52976,0.37924,0.31168,0.52989,0.27813,0.1744,0.58863,0.53796,0.29083,0.64099,0.39097,0.41848,0.39741,0.48001,0.15781,0.37697,0.35363,0.26753,0.64007,0.51709,0.3639,0.42353,0.34506,0.67619,0.55562,0.23681,0.39325,0.41773,0.52835,0.62412,0.60017,0.19754,0.46226,0.61945,0.59297,0.51004,0.35644,0.55593,0.47017,0.67775,0.33187,0.4624,0.2746
0.4327,0.51147,0.48515,0.27449,0.53367,0.36457,0.33078,0.49625,0.48421,0.24708,1,0.44204,0.4798,0.43427,0.52444,0.42856,0.46126,0.43104,0.28474,0.35274,0.52941,0.48852,0.51793,0.37264,0.34804,0.39155,0.33267,0.27578,0.42699,0.29208,0.31718,0.29276,0.39006,0.40543,0.45104,0.38373,0.36739,0.30321,0.47361,0.45521,0.38967,0.34801,0.42001,0.40918,0.37675,0.34917,0.51331,0.50081,0.343,0.45714,0.5456,0.41286,0.40647,0.35876,0.50808,0.30181,0.47128,0.44404,0.31221,0.23447,0.10793,0.47492,0.32035,0.59194,0.56096,0.38458,0.29906,0.31474,0.40885,0.51177,0.17049,0.28455,0.34288,0.32369,0.039786,0.22853,0.13934,0.42028,0.41799,0.32033,0.39546,0.25155,0.33054,0.33868,0.26995,0.30881,0.24914,0.23397,0.2633,0.27212,0.14493,0.2363
0.51268,0.36548,0.43883,0.5025,0.42969,0.51157,0.50223,0.57243,0.6249,0.4446,0.44204,1,0.40294,0.36286,0.42669,0.3969,0.39788,0.37569,0.35586,0.34081,0.43015,0.42282,0.39428,0.34513,0.57407,0.4208,0.2544,0.54214,0.53416,0.46459,0.47581,0.4469,0.4955,0.40501,0.41926,0.38628,0.42994,0.44663,0.48323,0.42345,0.47351,0.42846,0.35583,0.24956,0.55475,0.38678,0.37626,0.3673,0.51825,0.44679,0.59353,0.32481,0.59199,0.29512,0.32866,0.51912,0.56295,0.28218,0.49727,0.34867,0.34414,0.39967,0.51375,0.33419,0.49654,0.53447,0.28574,0.42783,0.44568,0.53622,0.41499,0.44268,0.47862,0.5535,0.16641,0.41378,0.25582,0.53441,0.44977,0.48506,0.32532,0.29639,0.61521,0.49205,0.47377,0.44823,0.46306,0.41643,0.42986,0.42974,0.29374,0.22836
0.63621,0.60522,0.65249,0.47821,0.49928,0.55739,0.51563,0.49081,0.53941,0.45251,0.4798,0.40294,1,0.63558,0.67722,0.5982,0.58295,0.66793,0.47384,0.46896,0.69578,0.61317,0.65845,0.54953,0.47212,0.37384,0.3136,0.39661,0.46232,0.44316,0.38187,0.32915,0.39682,0.42444,0.39411,0.40778,0.49683,0.4549,0.40518,0.4504,0.54004,0.46188,0.36895,0.40289,0.40241,0.56771,0.5759,0.55847,0.42475,0.58905,0.44225,0.44694,0.44613,0.37511,0.37286,0.418,0.56484,0.50413,0.49154,0.30673,0.17211,0.53203,0.34739,0.39422,0.55609,0.3285,0.30154,0.5299,0.56193,0.44227,0.23503,0.24806,0.54198,0.41147,0.098874,0.26199,0.36139,0.52644,0.58374,0.50132,0.28358,0.41246,0.42193,0.50449,0.34269,0.31194,0.35002,0.32756,0.45673,0.23376,0.29253,0.21259
0.57985,0.57807,0.61627,0.4549,0.43171,0.5309,0.49065,0.46164,0.49344,0.43614,0.43427,0.36286,0.63558,1,0.6098,0.53442,0.54417,0.60965,0.48706,0.45654,0.62494,0.5881,0.63826,0.53102,0.43446,0.32,0.29326,0.39467,0.41829,0.41438,0.35236,0.30483,0.36665,0.40866,0.33754,0.36919,0.47206,0.43804,0.34369,0.40853,0.52107,0.42396,0.31437,0.32887,0.38102,0.52897,0.53346,0.49838,0.3883,0.56697,0.40233,0.41378,0.42468,0.33293,0.33503,0.39386,0.53304,0.43258,0.45816,0.28984,0.15146,0.48324,0.34691,0.35826,0.51088,0.28828,0.29315,0.5186,0.54562,0.40168,0.22874,0.22847,0.52052,0.38137,0.1062,0.26053,0.35421,0.46874,0.55063,0.46493,0.24423,0.36932,0.41075,0.47617,0.33504,0.29299,0.34191,0.31737,0.42712,0.21081,0.30006,0.2059
0.66034,0.63754,0.67557,0.49388,0.48407,0.58295,0.52829,0.52844,0.56176,0.46659,0.52444,0.42669,0.67722,0.6098,1,0.58858,0.61841,0.67523,0.45291,0.4603,0.70843,0.63856,0.67407,0.50709,0.48472,0.36049,0.31315,0.40256,0.48621,0.43614,0.41183,0.33379,0.39437,0.39817,0.38831,0.3953,0.50246,0.47398,0.3864,0.42225,0.54552,0.46233,0.36358,0.42278,0.42527,0.54166,0.60395,0.55943,0.43234,0.65445,0.46931,0.42118,0.46874,0.39234,0.36229,0.42552,0.57685,0.53871,0.51204,0.33048,0.17387,0.52255,0.37329,0.43461,0.59616,0.32442,0.27419,0.54838,0.60029,0.46051,0.24419,0.2669,0.59072,0.42435,0.095017,0.27708,0.34873,0.55509,0.62628,0.52824,0.30369,0.4018,0.44817,0.52812,0.34709,0.31809,0.38135,0.33538,0.46996,0.23447,0.2946,0.2423
0.56755,0.5695,0.57222,0.43333,0.48074,0.4998,0.46438,0.46493,0.52626,0.41833,0.42856,0.3969,0.5982,0.53442,0.58858,1,0.57026,0.56859,0.49737,0.56085,0.58604,0.58882,0.5834,0.61617,0.43105,0.33799,0.25332,0.36568,0.43126,0.40798,0.3677,0.30895,0.36491,0.37428,0.35219,0.38491,0.4735,0.41707,0.38653,0.40339,0.49521,0.40767,0.31096,0.35296,0.37861,0.48156,0.52952,0.50899,0.39729,0.55788,0.42717,0.4073,0.43232,0.34893,0.3121,0.37641,0.54448,0.41621,0.46085,0.29783,0.17325,0.46686,0.32305,0.37,0.48667,0.31385,0.2697,0.47796,0.50932,0.4502,0.2549,0.25961,0.50788,0.37843,0.12286,0.2562,0.359,0.49725,0.5261,0.44613,0.25854,0.36122,0.38867,0.46057,0.32781,0.30371,0.31313,0.32859,0.41953,0.25181,0.2959,0.17885
0.57962,0.62917,0.60487,0.41848,0.46184,0.49861,0.45404,0.53194,0.51923,0.40319,0.46126,0.39788,0.58295,0.54417,0.61841,0.57026,1,0.63871,0.45088,0.48063,0.61254,0.64718,0.64296,0.47092,0.41861,0.30569,0.29926,0.33139,0.44292,0.39927,0.3358,0.27255,0.34841,0.4473,0.3705,0.41259,0.42775,0.38201,0.38176,0.40862,0.54198,0.48192,0.30627,0.35078,0.39137,0.52284,0.54252,0.53144,0.3742,0.54943,0.44237,0.4486,0.40469,0.38414,0.3985,0.36144,0.50622,0.51719,0.44576,0.3,0.14326,0.52504,0.39457,0.43141,0.61045,0.30899,0.26838,0.4971,0.59603,0.43783,0.23958,0.25357,0.54274,0.36558,0.068934,0.25446,0.35577,0.45316,0.51824,0.47637,0.32376,0.37067,0.38559,0.4458,0.32217,0.30284,0.3607,0.30062,0.40275,0.24159,0.25521,0.21583
0.63165,0.61309,0.6522,0.49773,0.4515,0.58359,0.53716,0.48098,0.51607,0.47841,0.43104,0.37569,0.66793,0.60965,0.67523,0.56859,0.63871,1,0.4682,0.45986,0.66479,0.61537,0.6728,0.50547,0.47383,0.34924,0.30243,0.39692,0.45206,0.44766,0.37724,0.31884,0.38718,0.41517,0.36532,0.36855,0.50429,0.4629,0.35999,0.42313,0.53934,0.46289,0.32585,0.38619,0.38839,0.57201,0.53693,0.53559,0.41626,0.58524,0.42012,0.41289,0.44093,0.35955,0.35001,0.42058,0.54971,0.49722,0.51393,0.3013,0.17749,0.49426,0.35383,0.37353,0.55511,0.2973,0.2908,0.55354,0.56474,0.42352,0.23512,0.24376,0.58657,0.40759,0.11313,0.26076,0.36846,0.50116,0.59517,0.50834,0.2552,0.38363,0.43,0.5206,0.34613,0.29355,0.36525,0.32832,0.47251,0.23025,0.28773,0.21657
0.48628,0.41793,0.46154,0.45873,0.32372,0.48827,0.47094,0.35692,0.44085,0.44622,0.28474,0.35586,0.47384,0.48706,0.45291,0.49737,0.45088,0.4682,1,0.47159,0.49712,0.51173,0.46724,0.50818,0.42419,0.27706,0.2398,0.37436,0.38338,0.38857,0.35585,0.30236,0.33441,0.34683,0.25362,0.29866,0.43245,0.42182,0.29593,0.32486,0.46847,0.37689,0.26705,0.18348,0.34573,0.46532,0.40541,0.37579,0.35624,0.43995,0.30598,0.33267,0.37578,0.27491,0.21846,0.40599,0.4274,0.32973,0.44226,0.27343,0.21794,0.37373,0.3145,0.18572,0.39846,0.25785,0.23672,0.45543,0.42899,0.28643,0.26717,0.23581,0.4765,0.42328,0.16845,0.2434,0.42953,0.45461,0.46144,0.45271,0.19707,0.38117,0.40076,0.44862,0.35125,0.26102,0.35449,0.32502,0.44404,0.2303,0.31296,0.15475
0.43631,0.45878,0.45638,0.35035,0.43645,0.4082,0.37645,0.382,0.43398,0.34726,0.35274,0.34081,0.46896,0.45654,0.4603,0.56085,0.48063,0.45986,0.47159,1,0.45794,0.47209,0.47478,0.55533,0.36113,0.28107,0.22247,0.30898,0.34695,0.32936,0.28259,0.25799,0.297,0.33958,0.25772,0.32088,0.3856,0.35224,0.31718,0.34147,0.42454,0.35386,0.28639,0.26564,0.30865,0.40299,0.42715,0.44449,0.30816,0.42508,0.32571,0.35454,0.35239,0.30074,0.26539,0.32075,0.42815,0.35561,0.37516,0.24704,0.14297,0.38774,0.26275,0.28147,0.43123,0.25372,0.25226,0.37522,0.40228,0.32704,0.22155,0.22419,0.39619,0.32084,0.11241,0.20422,0.32714,0.41157,0.40213,0.37226,0.22984,0.29889,0.3227,0.37988,0.28417,0.24207,0.26255,0.26458,0.33574,0.21179,0.25861,0.1528
0.66574,0.62591,0.70319,0.50125,0.49799,0.59084,0.53744,0.52669,0.58939,0.46889,0.52941,0.43015,0.69578,0.62494,0.70843,0.58604,0.61254,0.66479,0.49712,0.45794,1,0.65914,0.71506,0.54265,0.49745,0.43083,0.34547,0.41128,0.5011,0.48072,0.41182,0.36268,0.46378,0.43713,0.4514,0.41314,0.52229,0.47788,0.41945,0.45721,0.58354,0.47772,0.4134,0.42756,0.42512,0.56338,0.63416,0.57226,0.45574,0.61806,0.49483,0.46948,0.47515,0.41778,0.42914,0.45305,0.60593,0.55086,0.54934,0.30855,0.18976,0.52686,0.37862,0.43419,0.57165,0.3476,0.31343,0.56087,0.56928,0.46343,0.24777,0.27832,0.59117,0.4594,0.095879,0.28863,0.32487,0.56873,0.64174,0.52452,0.32328,0.41258,0.45202,0.52402,0.38378,0.35464,0.38662,0.36087,0.48146,0.25917,0.29276,0.23358
0.6007,0.63256,0.63449,0.44265,0.47176,0.53525,0.48147,0.54412,0.56591,0.4105,0.48852,0.42282,0.61317,0.5881,0.63856,0.58882,0.64718,0.61537,0.51173,0.47209,0.65914,1,0.66001,0.52539,0.45291,0.34603,0.30309,0.37277,0.47686,0.42251,0.38545,0.32206,0.39174,0.41728,0.40375,0.4296,0.47465,0.42099,0.40102,0.44005,0.5744,0.45514,0.33663,0.36151,0.41546,0.52088,0.56554,0.52829,0.42388,0.5875,0.48721,0.45546,0.44854,0.3794,0.40219,0.40204,0.57753,0.49624,0.47983,0.29739,0.15864,0.53301,0.4063,0.449,0.5746,0.34606,0.27743,0.50953,0.61726,0.4734,0.25175,0.27517,0.52949,0.39522,0.099132,0.28975,0.3556,0.50262,0.5539,0.4788,0.32041,0.37898,0.41175,0.47702,0.3593,0.33529,0.37598,0.31635,0.4265,0.26286,0.2944,0.22619
0.62943,0.64143,0.64945,0.43867,0.47198,0.54215,0.49208,0.53163,0.54166,0.41701,0.51793,0.39428,0.65845,0.63826,0.67407,0.5834,0.64296,0.6728,0.46724,0.47478,0.71506,0.66001,1,0.52367,0.44379,0.38505,0.33087,0.36812,0.43889,0.43685,0.35019,0.30688,0.42221,0.46732,0.43876,0.41182,0.49408,0.43425,0.39591,0.45778,0.54127,0.43568,0.36205,0.42089,0.37878,0.54237,0.6063,0.57516,0.41146,0.58793,0.47434,0.46065,0.42759,0.39006,0.42547,0.39559,0.58133,0.53947,0.48807,0.31032,0.14284,0.51293,0.37289,0.4609,0.58361,0.31651,0.29046,0.52113,0.57526,0.46763,0.21664,0.23916,0.55463,0.39584,0.066696,0.2531,0.31639,0.51591,0.58069,0.46709,0.30755,0.36328,0.4016,0.48774,0.35272,0.31642,0.34089,0.3179,0.43095,0.22506,0.26188,0.22014
0.49659,0.47478,0.504,0.38953,0.43912,0.46161,0.42517,0.39359,0.45365,0.37089,0.37264,0.34513,0.54953,0.53102,0.50709,0.61617,0.47092,0.50547,0.50818,0.55533,0.54265,0.52539,0.52367,1,0.38493,0.31568,0.22677,0.32783,0.3669,0.36754,0.30257,0.26378,0.33344,0.3505,0.28571,0.31682,0.44246,0.38448,0.32365,0.37546,0.44002,0.36761,0.28812,0.27796,0.32039,0.44034,0.44539,0.43616,0.33669,0.47041,0.34048,0.35186,0.36307,0.27505,0.24928,0.33305,0.48054,0.36,0.40642,0.25338,0.13532,0.38024,0.27095,0.28315,0.40632,0.24886,0.25309,0.40783,0.41224,0.35248,0.21591,0.22087,0.4315,0.33424,0.13599,0.21123,0.31476,0.44206,0.45764,0.40515,0.21665,0.31292,0.33511,0.43457,0.29885,0.26571,0.26512,0.28455,0.38321,0.21003,0.2597,0.14799
0.60441,0.39964,0.54824,0.64164,0.38354,0.63733,0.62271,0.49027,0.66443,0.58263,0.34804,0.57407,0.47212,0.43446,0.48472,0.43105,0.41861,0.47383,0.42419,0.36113,0.49745,0.45291,0.44379,0.38493,1,0.43282,0.32151,0.64899,0.59655,0.55405,0.5777,0.52324,0.484,0.39393,0.35926,0.39312,0.52186,0.57405,0.452,0.40412,0.59219,0.48746,0.33354,0.25703,0.58636,0.48856,0.41925,0.39661,0.58947,0.53543,0.54311,0.36227,0.67127,0.3287,0.27921,0.70956,0.63532,0.30038,0.59082,0.35509,0.4399,0.41722,0.4737,0.24408,0.4839,0.49751,0.31381,0.555,0.54427,0.48283,0.46318,0.4283,0.61011,0.66854,0.19263,0.41617,0.34433,0.61149,0.56365,0.62709,0.30713,0.41385,0.67,0.57254,0.53982,0.38573,0.54924,0.50279,0.57034,0.39547,0.4227,0.24367
0.45549,0.32524,0.42854,0.39632,0.41806,0.40977,0.44727,0.37858,0.48338,0.3557,0.39155,0.4208,0.37384,0.32,0.36049,0.33799,0.30569,0.34924,0.27706,0.28107,0.43083,0.34603,0.38505,0.31568,0.43282,1,0.31217,0.36765,0.42009,0.45031,0.34821,0.3726,0.55284,0.38025,0.38783,0.35321,0.41596,0.38572,0.42653,0.40915,0.41561,0.34077,0.38826,0.29041,0.41091,0.3696,0.37771,0.43019,0.42657,0.38073,0.45139,0.3531,0.40772,0.35633,0.36778,0.45378,0.49813,0.36163,0.42499,0.2138,0.23482,0.37729,0.33804,0.36288,0.32769,0.41005,0.31344,0.36234,0.32499,0.41802,0.25142,0.28582,0.40043,0.42479,0.080156,0.27132,0.1463,0.46207,0.443,0.35339,0.30327,0.26855,0.40023,0.39045,0.41916,0.33866,0.29787,0.31501,0.35916,0.26652,0.20424,0.18874
0.32148,0.32492,0.32893,0.3097,0.29137,0.34075,0.32734,0.29883,0.31857,0.28088,0.33267,0.2544,0.3136,0.29326,0.31315,0.25332,0.29926,0.30243,0.2398,0.22247,0.34547,0.30309,0.33087,0.22677,0.32151,0.31217,1,0.25629,0.337,0.25218,0.30982,0.26268,0.30371,0.31725,0.3252,0.28012,0.28702,0.28948,0.30028,0.32212,0.32167,0.30839,0.2982,0.25394,0.27595,0.31339,0.34316,0.33615,0.30846,0.29728,0.31725,0.32435,0.31706,0.31804,0.38106,0.35098,0.31325,0.3275,0.28616,0.21927,0.19312,0.3464,0.31032,0.27444,0.34441,0.25394,0.23949,0.30253,0.3384,0.26896,0.185,0.19109,0.31336,0.30505,0.0059674,0.19022,0.17023,0.33065,0.35024,0.33043,0.27919,0.24641,0.35309,0.28816,0.28884,0.22551,0.2867,0.26275,0.28134,0.16283,0.18208,0.14579
0.52044,0.32122,0.45151,0.60812,0.31996,0.57983,0.58468,0.43002,0.58086,0.56412,0.27578,0.54214,0.39661,0.39467,0.40256,0.36568,0.33139,0.39692,0.37436,0.30898,0.41128,0.37277,0.36812,0.32783,0.64899,0.36765,0.25629,1,0.51538,0.52154,0.54921,0.48878,0.45971,0.3184,0.32575,0.33421,0.47934,0.55045,0.3866,0.34956,0.49347,0.45144,0.27974,0.2114,0.53332,0.41572,0.33768,0.32543,0.56056,0.46874,0.47532,0.28555,0.6169,0.25639,0.197,0.62832,0.56274,0.22733,0.56196,0.35964,0.42534,0.34915,0.47717,0.18221,0.3977,0.45862,0.27517,0.50425,0.46225,0.44822,0.44958,0.40807,0.53528,0.61635,0.23463,0.42715,0.32822,0.54104,0.50768,0.5707,0.25337,0.39022,0.63552,0.5447,0.52351,0.37209,0.53771,0.50063,0.5174,0.38862,0.41663,0.23034
0.555,0.44193,0.56178,0.51969,0.41497,0.53306,0.5322,0.53638,0.66777,0.46266,0.42699,0.53416,0.46232,0.41829,0.48621,0.43126,0.44292,0.45206,0.38338,0.34695,0.5011,0.47686,0.43889,0.3669,0.59655,0.42009,0.337,0.51538,1,0.48159,0.52119,0.46917,0.47254,0.39409,0.41771,0.43454,0.48769,0.47284,0.51398,0.45301,0.5529,0.51096,0.33591,0.29445,0.58836,0.47758,0.47207,0.43028,0.56966,0.52376,0.60364,0.42066,0.58428,0.39611,0.40109,0.57531,0.59567,0.35343,0.52057,0.31915,0.354,0.46805,0.43591,0.32218,0.51035,0.53154,0.32531,0.49378,0.54563,0.52258,0.40094,0.45477,0.53251,0.57606,0.1071,0.41787,0.27867,0.53703,0.51517,0.53047,0.3453,0.37419,0.56896,0.49296,0.48172,0.40564,0.49276,0.41197,0.47805,0.41908,0.33194,0.2191
0.57765,0.36504,0.49886,0.5876,0.35714,0.57553,0.59059,0.41358,0.51472,0.55496,0.29208,0.46459,0.44316,0.41438,0.43614,0.40798,0.39927,0.44766,0.38857,0.32936,0.48072,0.42251,0.43685,0.36754,0.55405,0.45031,0.25218,0.52154,0.48159,1,0.465,0.47532,0.49695,0.36101,0.34326,0.37952,0.52147,0.55607,0.38014,0.36302,0.50155,0.41773,0.32648,0.26465,0.44845,0.49579,0.38468,0.37741,0.54003,0.47814,0.45404,0.33982,0.48359,0.33342,0.25233,0.55998,0.55279,0.34492,0.60307,0.33171,0.34294,0.38396,0.44404,0.23146,0.35334,0.40045,0.27762,0.55051,0.46968,0.4099,0.37596,0.34423,0.56734,0.54038,0.17926,0.38064,0.31338,0.54389,0.56912,0.5704,0.27553,0.39537,0.54739,0.52749,0.54866,0.36855,0.44415,0.44246,0.53138,0.33867,0.34829,0.25642
0.48274,0.34128,0.46638,0.57424,0.33258,0.53264,0.5544,0.41528,0.54953,0.52139,0.31718,0.47581,0.38187,0.35236,0.41183,0.3677,0.3358,0.37724,0.35585,0.28259,0.41182,0.38545,0.35019,0.30257,0.5777,0.34821,0.30982,0.54921,0.52119,0.465,1,0.4742,0.43283,0.29608,0.32596,0.33765,0.43106,0.46504,0.41391,0.35641,0.49272,0.4766,0.28428,0.231,0.51029,0.42503,0.35331,0.3543,0.51008,0.4553,0.47828,0.3189,0.56696,0.28836,0.24118,0.57202,0.51306,0.2527,0.53723,0.32351,0.41153,0.37473,0.48911,0.2259,0.41567,0.40008,0.25801,0.486,0.46923,0.45187,0.41238,0.38382,0.52666,0.55281,0.17197,0.39066,0.29725,0.51415,0.50792,0.57395,0.26634,0.37166,0.61456,0.48191,0.46015,0.35679,0.53273,0.43464,0.49018,0.36477,0.39539,0.24424
0.43722,0.27698,0.39738,0.48431,0.29501,0.46481,0.4738,0.36115,0.50404,0.45019,0.29276,0.4469,0.32915,0.30483,0.33379,0.30895,0.27255,0.31884,0.30236,0.25799,0.36268,0.32206,0.30688,0.26378,0.52324,0.3726,0.26268,0.48878,0.46917,0.47532,0.4742,1,0.4252,0.27145,0.3077,0.28664,0.39765,0.44076,0.36175,0.3255,0.41966,0.37567,0.27851,0.17729,0.47843,0.35297,0.30347,0.29343,0.49938,0.38044,0.42494,0.27221,0.4933,0.25973,0.25027,0.55937,0.48691,0.21743,0.4868,0.27673,0.40801,0.32049,0.38482,0.21791,0.34455,0.42298,0.25229,0.40741,0.37935,0.3835,0.4134,0.39997,0.4376,0.5166,0.18229,0.38677,0.25259,0.48298,0.42943,0.497,0.27786,0.332,0.51133,0.42263,0.50455,0.35506,0.42413,0.38844,0.41346,0.38196,0.33406,0.21743
0.49851,0.34165,0.45147,0.4841,0.39683,0.48782,0.51038,0.45668,0.53494,0.43606,0.39006,0.4955,0.39682,0.36665,0.39437,0.36491,0.34841,0.38718,0.33441,0.297,0.46378,0.39174,0.42221,0.33344,0.484,0.55284,0.30371,0.45971,0.47254,0.49695,0.43283,0.4252,1,0.40865,0.47647,0.36931,0.46815,0.4495,0.4455,0.42893,0.44668,0.38936,0.39005,0.26834,0.45477,0.40776,0.39147,0.41279,0.49153,0.42207,0.51597,0.3628,0.47518,0.327,0.33986,0.5058,0.51902,0.32984,0.49275,0.30025,0.29067,0.38109,0.4262,0.31178,0.40753,0.4557,0.28363,0.4412,0.39165,0.486,0.32826,0.32496,0.46423,0.49863,0.12623,0.34715,0.2057,0.5134,0.51317,0.42288,0.30089,0.3076,0.48399,0.44312,0.48535,0.40948,0.39301,0.39513,0.42643,0.31791,0.26603,0.20721
0.46463,0.42659,0.4134,0.38067,0.41926,0.40244,0.41938,0.45744,0.43664,0.33236,0.40543,0.40501,0.42444,0.40866,0.39817,0.37428,0.4473,0.41517,0.34683,0.33958,0.43713,0.41728,0.46732,0.3505,0.39393,0.38025,0.31725,0.3184,0.39409,0.36101,0.29608,0.27145,0.40865,1,0.38919,0.3708,0.39706,0.37103,0.39699,0.42599,0.41021,0.36499,0.36314,0.267,0.39293,0.42632,0.43387,0.43969,0.33793,0.41694,0.3802,0.43032,0.35407,0.39493,0.42273,0.37384,0.40517,0.39215,0.3591,0.27912,0.18448,0.41172,0.41124,0.30285,0.46322,0.3405,0.26908,0.40816,0.42479,0.34953,0.23432,0.26725,0.43063,0.42565,0.074509,0.24364,0.27638,0.38366,0.41468,0.35907,0.28511,0.27452,0.3657,0.38689,0.35345,0.29543,0.34902,0.2646,0.36295,0.23182,0.20877,0.16207
0.42168,0.39367,0.44014,0.32551,0.3603,0.37369,0.35223,0.54155,0.48219,0.2872,0.45104,0.41926,0.39411,0.33754,0.38831,0.35219,0.3705,0.36532,0.25362,0.25772,0.4514,0.40375,0.43876,0.28571,0.35926,0.38783,0.3252,0.32575,0.41771,0.34326,0.32596,0.3077,0.47647,0.38919,1,0.38019,0.3556,0.31314,0.438,0.42737,0.39562,0.35014,0.34448,0.32635,0.3633,0.34491,0.42417,0.39992,0.40551,0.40282,0.53927,0.36811,0.39456,0.36073,0.41143,0.33145,0.46334,0.40158,0.34864,0.31558,0.17678,0.39555,0.39891,0.41522,0.45937,0.41998,0.21406,0.33358,0.42828,0.51452,0.22632,0.27891,0.35811,0.35921,-0.0045659,0.2648,0.14385,0.40937,0.39634,0.36275,0.34192,0.25503,0.35632,0.34651,0.31713,0.36166,0.33514,0.29903,0.3061,0.24515,0.17613,0.17244
0.44749,0.42869,0.42994,0.37658,0.43033,0.39636,0.40799,0.44959,0.4583,0.3294,0.38373,0.38628,0.40778,0.36919,0.3953,0.38491,0.41259,0.36855,0.29866,0.32088,0.41314,0.4296,0.41182,0.31682,0.39312,0.35321,0.28012,0.33421,0.43454,0.37952,0.33765,0.28664,0.36931,0.3708,0.38019,1,0.40475,0.34832,0.42517,0.37627,0.42511,0.37539,0.31109,0.31663,0.36892,0.42165,0.4363,0.39129,0.35284,0.4207,0.44422,0.42674,0.39203,0.39938,0.3875,0.36084,0.45281,0.36683,0.37519,0.27675,0.19804,0.47184,0.37513,0.32686,0.44332,0.36096,0.26862,0.39957,0.50362,0.42263,0.27673,0.29378,0.42699,0.35395,0.034222,0.26751,0.24205,0.40223,0.38752,0.37198,0.28393,0.32564,0.378,0.35628,0.32205,0.29724,0.33256,0.29212,0.35736,0.25335,0.26256,0.17598
0.57007,0.44685,0.51396,0.54528,0.42583,0.57368,0.56808,0.427,0.52211,0.5013,0.36739,0.42994,0.49683,0.47206,0.50246,0.4735,0.42775,0.50429,0.43245,0.3856,0.52229,0.47465,0.49408,0.44246,0.52186,0.41596,0.28702,0.47934,0.48769,0.52147,0.43106,0.39765,0.46815,0.39706,0.3556,0.40475,1,0.54893,0.39894,0.40717,0.48488,0.43412,0.33974,0.29878,0.45071,0.52083,0.45587,0.43641,0.47118,0.5176,0.42802,0.37749,0.45492,0.35202,0.27771,0.49508,0.5493,0.37552,0.54141,0.328,0.27748,0.42427,0.38932,0.25329,0.41558,0.36407,0.29175,0.53019,0.50524,0.4166,0.33464,0.31117,0.55523,0.4838,0.18176,0.33404,0.34656,0.52001,0.55886,0.48307,0.25582,0.39504,0.46833,0.51748,0.43761,0.32996,0.42179,0.39317,0.53617,0.30269,0.33759,0.2123
0.58129,0.38154,0.49734,0.63847,0.36845,0.60928,0.62308,0.41039,0.52161,0.59714,0.30321,0.44663,0.4549,0.43804,0.47398,0.41707,0.38201,0.4629,0.42182,0.35224,0.47788,0.42099,0.43425,0.38448,0.57405,0.38572,0.28948,0.55045,0.47284,0.55607,0.46504,0.44076,0.4495,0.37103,0.31314,0.34832,0.54893,1,0.36583,0.36159,0.47833,0.39625,0.33151,0.25545,0.47054,0.49532,0.39734,0.39271,0.50845,0.50792,0.41394,0.32983,0.51569,0.3098,0.22683,0.57199,0.5473,0.31187,0.57683,0.34954,0.34358,0.38697,0.4435,0.20962,0.38891,0.3785,0.27821,0.56504,0.48894,0.38978,0.36917,0.3304,0.59339,0.55625,0.21822,0.36057,0.35891,0.53009,0.57766,0.55047,0.2384,0.4135,0.56696,0.5646,0.49705,0.3309,0.47327,0.44479,0.58858,0.31578,0.39148,0.24508
0.43002,0.38096,0.43042,0.37815,0.49853,0.39273,0.39383,0.45202,0.5218,0.32676,0.47361,0.48323,0.40518,0.34369,0.3864,0.38653,0.38176,0.35999,0.29593,0.31718,0.41945,0.40102,0.39591,0.32365,0.452,0.42653,0.30028,0.3866,0.51398,0.38014,0.41391,0.36175,0.4455,0.39699,0.438,0.42517,0.39894,0.36583,1,0.48837,0.42961,0.39886,0.38318,0.3164,0.46017,0.38715,0.41544,0.41696,0.41869,0.40202,0.52664,0.4387,0.47475,0.41394,0.43308,0.42386,0.46195,0.28965,0.38522,0.26128,0.27625,0.48824,0.39238,0.35154,0.47941,0.47645,0.33226,0.36586,0.43925,0.48481,0.33223,0.40558,0.39132,0.45647,0.076665,0.29827,0.1969,0.42571,0.37877,0.40875,0.34024,0.29728,0.41942,0.3439,0.36361,0.34618,0.33878,0.30304,0.34709,0.35043,0.23852,0.19997
0.44642,0.41884,0.46374,0.36921,0.49081,0.41498,0.41487,0.44396,0.49309,0.34102,0.45521,0.42345,0.4504,0.40853,0.42225,0.40339,0.40862,0.42313,0.32486,0.34147,0.45721,0.44005,0.45778,0.37546,0.40412,0.40915,0.32212,0.34956,0.45301,0.36302,0.35641,0.3255,0.42893,0.42599,0.42737,0.37627,0.40717,0.36159,0.48837,1,0.42992,0.39844,0.34814,0.28482,0.41745,0.39766,0.43844,0.44159,0.3741,0.44515,0.42721,0.41908,0.3946,0.34152,0.34647,0.38106,0.47593,0.34475,0.37218,0.28741,0.21204,0.48112,0.36012,0.35846,0.45314,0.35818,0.28266,0.37546,0.41834,0.42202,0.28808,0.30624,0.38237,0.37632,0.10439,0.28201,0.22282,0.43418,0.41888,0.39152,0.32411,0.30091,0.36479,0.39328,0.3514,0.33732,0.34878,0.31634,0.35439,0.28658,0.24997,0.19302
0.61238,0.55161,0.68704,0.54612,0.42709,0.58899,0.56516,0.49787,0.62949,0.48984,0.38967,0.47351,0.54004,0.52107,0.54552,0.49521,0.54198,0.53934,0.46847,0.42454,0.58354,0.5744,0.54127,0.44002,0.59219,0.41561,0.32167,0.49347,0.5529,0.50155,0.49272,0.41966,0.44668,0.41021,0.39562,0.42511,0.48488,0.47833,0.42961,0.42992,1,0.55311,0.32903,0.27852,0.50152,0.55699,0.52221,0.47203,0.51909,0.56116,0.48059,0.44347,0.54902,0.37239,0.34666,0.54793,0.61178,0.41726,0.54591,0.31059,0.29334,0.50087,0.43508,0.33238,0.53283,0.40342,0.30204,0.54075,0.59596,0.43724,0.34737,0.34924,0.56955,0.52343,0.1101,0.36109,0.36722,0.56784,0.56927,0.58103,0.31189,0.41754,0.53876,0.53195,0.45645,0.38082,0.47545,0.39407,0.51453,0.32492,0.35369,0.23449
0.51415,0.44257,0.58021,0.49754,0.37377,0.53802,0.52263,0.4119,0.51532,0.45699,0.34801,0.42846,0.46188,0.42396,0.46233,0.40767,0.48192,0.46289,0.37689,0.35386,0.47772,0.45514,0.43568,0.36761,0.48746,0.34077,0.30839,0.45144,0.51096,0.41773,0.4766,0.37567,0.38936,0.36499,0.35014,0.37539,0.43412,0.39625,0.39886,0.39844,0.55311,1,0.27515,0.24193,0.45813,0.48683,0.40993,0.40091,0.45163,0.48637,0.40909,0.38375,0.48847,0.27573,0.31664,0.44283,0.47997,0.38684,0.45812,0.24946,0.27364,0.44424,0.40998,0.30387,0.5443,0.35182,0.26443,0.49058,0.51241,0.38208,0.30385,0.33533,0.53272,0.46044,0.1242,0.32911,0.31856,0.44732,0.47015,0.52583,0.29158,0.34838,0.47998,0.43618,0.36834,0.3341,0.48786,0.36163,0.44637,0.3167,0.29417,0.23268
0.36734,0.32722,0.33687,0.32161,0.42307,0.34338,0.34368,0.33338,0.35896,0.28961,0.42001,0.35583,0.36895,0.31437,0.36358,0.31096,0.30627,0.32585,0.26705,0.28639,0.4134,0.33663,0.36205,0.28812,0.33354,0.38826,0.2982,0.27974,0.33591,0.32648,0.28428,0.27851,0.39005,0.36314,0.34448,0.31109,0.33974,0.33151,0.38318,0.34814,0.32903,0.27515,1,0.31932,0.29429,0.3274,0.38114,0.38941,0.30352,0.32963,0.35369,0.33344,0.31219,0.36207,0.37355,0.32075,0.35089,0.33663,0.33872,0.25024,0.19855,0.34507,0.2942,0.30865,0.32454,0.3037,0.27848,0.30436,0.29721,0.32701,0.20598,0.22543,0.30934,0.35476,0.10483,0.19856,0.16682,0.38978,0.38505,0.32304,0.28852,0.28314,0.29741,0.31149,0.29468,0.25658,0.25105,0.27503,0.29485,0.1942,0.19828,0.15321
0.3701,0.42071,0.39711,0.22474,0.38766,0.30482,0.26007,0.38098,0.31482,0.20449,0.40918,0.24956,0.40289,0.32887,0.42278,0.35296,0.35078,0.38619,0.18348,0.26564,0.42756,0.36151,0.42089,0.27796,0.25703,0.29041,0.25394,0.2114,0.29445,0.26465,0.231,0.17729,0.26834,0.267,0.32635,0.31663,0.29878,0.25545,0.3164,0.28482,0.27852,0.24193,0.31932,1,0.22043,0.29019,0.40431,0.41675,0.25353,0.3528,0.37287,0.3083,0.29957,0.34133,0.37237,0.21419,0.37025,0.41197,0.2978,0.21384,0.052636,0.33236,0.19343,0.4074,0.34566,0.24715,0.20581,0.27694,0.32715,0.41713,0.10004,0.17343,0.30889,0.21725,-0.040998,0.14631,0.097195,0.33487,0.36931,0.2603,0.2759,0.19184,0.22314,0.26591,0.16543,0.15892,0.15874,0.21587,0.20714,0.13705,0.11516,0.19331
0.50746,0.36731,0.47131,0.51344,0.37326,0.52962,0.51614,0.48506,0.63103,0.47018,0.37675,0.55475,0.40241,0.38102,0.42527,0.37861,0.39137,0.38839,0.34573,0.30865,0.42512,0.41546,0.37878,0.32039,0.58636,0.41091,0.27595,0.53332,0.58836,0.44845,0.51029,0.47843,0.45477,0.39293,0.3633,0.36892,0.45071,0.47054,0.46017,0.41745,0.50152,0.45813,0.29429,0.22043,1,0.4176,0.38423,0.35992,0.52116,0.4792,0.53432,0.34456,0.58758,0.32838,0.31303,0.59736,0.5542,0.27015,0.48871,0.32799,0.37363,0.40467,0.47431,0.27551,0.48886,0.49588,0.29067,0.47939,0.49131,0.48023,0.42242,0.43924,0.51513,0.55586,0.1499,0.4153,0.28363,0.50018,0.46195,0.51226,0.29095,0.33562,0.57884,0.46792,0.48122,0.40505,0.49509,0.4009,0.4644,0.41593,0.3416,0.21113
0.62114,0.51123,0.60294,0.56178,0.40263,0.59034,0.58717,0.43283,0.49559,0.5225,0.34917,0.38678,0.56771,0.52897,0.54166,0.48156,0.52284,0.57201,0.46532,0.40299,0.56338,0.52088,0.54237,0.44034,0.48856,0.3696,0.31339,0.41572,0.47758,0.49579,0.42503,0.35297,0.40776,0.42632,0.34491,0.42165,0.52083,0.49532,0.38715,0.39766,0.55699,0.48683,0.3274,0.29019,0.4176,1,0.47549,0.47156,0.44194,0.52638,0.39322,0.42867,0.42931,0.36012,0.31558,0.46389,0.50204,0.43848,0.5515,0.30452,0.25259,0.487,0.40986,0.28193,0.48773,0.30886,0.30314,0.58858,0.59069,0.37608,0.29446,0.27472,0.6044,0.45329,0.12627,0.29915,0.40139,0.48462,0.60798,0.53627,0.22826,0.43428,0.46996,0.51134,0.40459,0.29171,0.43581,0.35404,0.5566,0.25438,0.33426,0.244
0.53946,0.6107,0.58627,0.40569,0.48312,0.46927,0.44702,0.48491,0.53876,0.36824,0.51331,0.37626,0.5759,0.53346,0.60395,0.52952,0.54252,0.53693,0.40541,0.42715,0.63416,0.56554,0.6063,0.44539,0.41925,0.37771,0.34316,0.33768,0.47207,0.38468,0.35331,0.30347,0.39147,0.43387,0.42417,0.4363,0.45587,0.39734,0.41544,0.43844,0.52221,0.40993,0.38114,0.40431,0.38423,0.47549,1,0.54507,0.38655,0.53075,0.4914,0.4993,0.40994,0.47032,0.48628,0.38464,0.52073,0.51622,0.4697,0.29255,0.15588,0.52617,0.32856,0.42149,0.52098,0.35492,0.33274,0.45649,0.53891,0.43285,0.21501,0.25685,0.48169,0.39423,0.038929,0.25252,0.2892,0.489,0.56131,0.44753,0.3086,0.40237,0.37353,0.42755,0.32294,0.3271,0.32882,0.31125,0.39193,0.21426,0.2627,0.2012
0.51847,0.54312,0.54162,0.3794,0.50251,0.44887,0.42461,0.46787,0.51213,0.36051,0.50081,0.3673,0.55847,0.49838,0.55943,0.50899,0.53144,0.53559,0.37579,0.44449,0.57226,0.52829,0.57516,0.43616,0.39661,0.43019,0.33615,0.32543,0.43028,0.37741,0.3543,0.29343,0.41279,0.43969,0.39992,0.39129,0.43641,0.39271,0.41696,0.44159,0.47203,0.40091,0.38941,0.41675,0.35992,0.47156,0.54507,1,0.40429,0.50996,0.46532,0.46386,0.40456,0.42082,0.45318,0.37158,0.52199,0.50329,0.43733,0.27672,0.13973,0.51424,0.33506,0.4521,0.51333,0.32734,0.3175,0.42909,0.48338,0.4738,0.19971,0.24945,0.44659,0.37683,0.025431,0.23927,0.22471,0.47155,0.52376,0.40096,0.32126,0.331,0.33802,0.4056,0.32124,0.3065,0.29768,0.29588,0.36116,0.23105,0.23593,0.21933
0.54974,0.37921,0.51909,0.56545,0.34504,0.55208,0.56116,0.47312,0.60755,0.52223,0.343,0.51825,0.42475,0.3883,0.43234,0.39729,0.3742,0.41626,0.35624,0.30816,0.45574,0.42388,0.41146,0.33669,0.58947,0.42657,0.30846,0.56056,0.56966,0.54003,0.51008,0.49938,0.49153,0.33793,0.40551,0.35284,0.47118,0.50845,0.41869,0.3741,0.51909,0.45163,0.30352,0.25353,0.52116,0.44194,0.38655,0.40429,1,0.4861,0.57277,0.33416,0.61872,0.30112,0.30128,0.58258,0.62578,0.3078,0.55322,0.32303,0.36937,0.39524,0.4564,0.3077,0.42039,0.48557,0.28206,0.49054,0.51069,0.52908,0.38607,0.39801,0.5317,0.5902,0.13576,0.38972,0.2654,0.57078,0.52857,0.56208,0.30328,0.36621,0.60525,0.507,0.53201,0.40698,0.47173,0.44819,0.48578,0.38174,0.3432,0.25351
0.65358,0.56555,0.6377,0.55474,0.45313,0.61357,0.58986,0.51508,0.59664,0.52976,0.45714,0.44679,0.58905,0.56697,0.65445,0.55788,0.54943,0.58524,0.43995,0.42508,0.61806,0.5875,0.58793,0.47041,0.53543,0.38073,0.29728,0.46874,0.52376,0.47814,0.4553,0.38044,0.42207,0.41694,0.40282,0.4207,0.5176,0.50792,0.40202,0.44515,0.56116,0.48637,0.32963,0.3528,0.4792,0.52638,0.53075,0.50996,0.4861,1,0.48856,0.39808,0.53601,0.34123,0.315,0.47743,0.62986,0.43076,0.51292,0.35611,0.25753,0.51353,0.43324,0.39323,0.52808,0.37389,0.28059,0.58091,0.62263,0.51008,0.32063,0.31053,0.60505,0.4658,0.14007,0.34076,0.34926,0.5407,0.59262,0.54182,0.28207,0.41705,0.49343,0.57921,0.40344,0.37242,0.46416,0.38121,0.5415,0.30147,0.35397,0.2479
0.52117,0.4652,0.53766,0.41761,0.40157,0.44802,0.44013,0.6236,0.67896,0.37924,0.5456,0.59353,0.44225,0.40233,0.46931,0.42717,0.44237,0.42012,0.30598,0.32571,0.49483,0.48721,0.47434,0.34048,0.54311,0.45139,0.31725,0.47532,0.60364,0.45404,0.47828,0.42494,0.51597,0.3802,0.53927,0.44422,0.42802,0.41394,0.52664,0.42721,0.48059,0.40909,0.35369,0.37287,0.53432,0.39322,0.4914,0.46532,0.57277,0.48856,1,0.41645,0.6594,0.42771,0.50842,0.50411,0.66011,0.38359,0.46489,0.33788,0.26362,0.44043,0.50525,0.53667,0.52858,0.61546,0.32588,0.4073,0.56576,0.75921,0.34132,0.42637,0.47312,0.51287,-0.027638,0.3663,0.16701,0.52756,0.45489,0.4536,0.40271,0.31073,0.55197,0.41508,0.4165,0.43581,0.37854,0.3786,0.37287,0.3983,0.26127,0.25182
0.43613,0.48225,0.46985,0.33991,0.45214,0.3714,0.36849,0.39876,0.4347,0.31168,0.41286,0.32481,0.44694,0.41378,0.42118,0.4073,0.4486,0.41289,0.33267,0.35454,0.46948,0.45546,0.46065,0.35186,0.36227,0.3531,0.32435,0.28555,0.42066,0.33982,0.3189,0.27221,0.3628,0.43032,0.36811,0.42674,0.37749,0.32983,0.4387,0.41908,0.44347,0.38375,0.33344,0.3083,0.34456,0.42867,0.4993,0.46386,0.33416,0.39808,0.41645,1,0.34823,0.49229,0.47641,0.35963,0.40849,0.39692,0.37872,0.26428,0.18487,0.499,0.32079,0.35201,0.45398,0.33719,0.35042,0.39488,0.46059,0.36348,0.26027,0.26461,0.3965,0.35649,0.041478,0.23035,0.2643,0.38699,0.41617,0.37102,0.3005,0.34072,0.30969,0.31513,0.30678,0.28369,0.30343,0.27315,0.33155,0.22499,0.24219,0.16437
0.56418,0.42261,0.5546,0.59991,0.40039,0.59763,0.56656,0.51612,0.68759,0.52989,0.40647,0.59199,0.44613,0.42468,0.46874,0.43232,0.40469,0.44093,0.37578,0.35239,0.47515,0.44854,0.42759,0.36307,0.67127,0.40772,0.31706,0.6169,0.58428,0.48359,0.56696,0.4933,0.47518,0.35407,0.39456,0.39203,0.45492,0.51569,0.47475,0.3946,0.54902,0.48847,0.31219,0.29957,0.58758,0.42931,0.40994,0.40456,0.61872,0.53601,0.6594,0.34823,1,0.32538,0.31929,0.64351,0.68186,0.26983,0.53584,0.33758,0.4126,0.41407,0.52397,0.37889,0.50515,0.5109,0.31335,0.50587,0.55239,0.64772,0.41872,0.45097,0.58041,0.62845,0.13183,0.39987,0.2651,0.56374,0.50371,0.59212,0.31914,0.35924,0.70628,0.52395,0.48559,0.41907,0.49927,0.43938,0.49774,0.4102,0.3819,0.28302
0.37292,0.42698,0.37712,0.31087,0.37896,0.32229,0.32737,0.38781,0.39629,0.27813,0.35876,0.29512,0.37511,0.33293,0.39234,0.34893,0.38414,0.35955,0.27491,0.30074,0.41778,0.3794,0.39006,0.27505,0.3287,0.35633,0.31804,0.25639,0.39611,0.33342,0.28836,0.25973,0.327,0.39493,0.36073,0.39938,0.35202,0.3098,0.41394,0.34152,0.37239,0.27573,0.36207,0.34133,0.32838,0.36012,0.47032,0.42082,0.30112,0.34123,0.42771,0.49229,0.32538,1,0.50498,0.3412,0.37096,0.40776,0.38207,0.29633,0.1857,0.42038,0.33443,0.31902,0.37211,0.33918,0.3425,0.35424,0.42435,0.36697,0.24247,0.25694,0.36423,0.33508,-0.028447,0.21393,0.2267,0.35031,0.4108,0.33913,0.29443,0.31288,0.30063,0.26161,0.28721,0.24616,0.26299,0.26338,0.30018,0.19804,0.23389,0.12243
0.34179,0.43028,0.39772,0.21091,0.40218,0.26226,0.24406,0.38364,0.37627,0.1744,0.50808,0.32866,0.37286,0.33503,0.36229,0.3121,0.3985,0.35001,0.21846,0.26539,0.42914,0.40219,0.42547,0.24928,0.27921,0.36778,0.38106,0.197,0.40109,0.25233,0.24118,0.25027,0.33986,0.42273,0.41143,0.3875,0.27771,0.22683,0.43308,0.34647,0.34666,0.31664,0.37355,0.37237,0.31303,0.31558,0.48628,0.45318,0.30128,0.315,0.50842,0.47641,0.31929,0.50498,1,0.28225,0.33795,0.42991,0.28913,0.1858,0.10217,0.42718,0.34208,0.53241,0.46088,0.41859,0.35733,0.2829,0.40643,0.41273,0.1339,0.26453,0.30964,0.29841,-0.12654,0.18684,0.10112,0.28209,0.34262,0.25744,0.35031,0.21919,0.27538,0.194,0.24235,0.23747,0.19125,0.17374,0.19921,0.20568,0.10391,0.15151
0.5653,0.34868,0.48689,0.64611,0.33417,0.60922,0.62221,0.43127,0.62469,0.58863,0.30181,0.51912,0.418,0.39386,0.42552,0.37641,0.36144,0.42058,0.40599,0.32075,0.45305,0.40204,0.39559,0.33305,0.70956,0.45378,0.35098,0.62832,0.57531,0.55998,0.57202,0.55937,0.5058,0.37384,0.33145,0.36084,0.49508,0.57199,0.42386,0.38106,0.54793,0.44283,0.32075,0.21419,0.59736,0.46389,0.38464,0.37158,0.58258,0.47743,0.50411,0.35963,0.64351,0.3412,0.28225,1,0.5871,0.26227,0.5976,0.3288,0.46018,0.38718,0.50438,0.21028,0.42152,0.4813,0.3328,0.54646,0.50454,0.42412,0.46282,0.41535,0.58542,0.67191,0.18567,0.43154,0.32457,0.58303,0.55439,0.62333,0.29494,0.40228,0.67081,0.54237,0.60243,0.38004,0.54085,0.47809,0.55642,0.38852,0.43094,0.2541
0.66554,0.53332,0.66981,0.57213,0.45545,0.61395,0.59801,0.59974,0.73596,0.53796,0.47128,0.56295,0.56484,0.53304,0.57685,0.54448,0.50622,0.54971,0.4274,0.42815,0.60593,0.57753,0.58133,0.48054,0.63532,0.49813,0.31325,0.56274,0.59567,0.55279,0.51306,0.48691,0.51902,0.40517,0.46334,0.45281,0.5493,0.5473,0.46195,0.47593,0.61178,0.47997,0.35089,0.37025,0.5542,0.50204,0.52073,0.52199,0.62578,0.62986,0.66011,0.40849,0.68186,0.37096,0.33795,0.5871,1,0.41409,0.57882,0.36964,0.32786,0.48317,0.44199,0.42255,0.54331,0.51105,0.31654,0.53618,0.59927,0.64689,0.38614,0.41573,0.60199,0.56689,0.11722,0.39592,0.28788,0.66313,0.58889,0.58274,0.35203,0.42051,0.58935,0.57667,0.51333,0.44191,0.45267,0.45613,0.52507,0.3955,0.36264,0.23893
0.48046,0.50533,0.5251,0.31497,0.39006,0.3965,0.35712,0.46193,0.37934,0.29083,0.44404,0.28218,0.50413,0.43258,0.53871,0.41621,0.51719,0.49722,0.32973,0.35561,0.55086,0.49624,0.53947,0.36,0.30038,0.36163,0.3275,0.22733,0.35343,0.34492,0.2527,0.21743,0.32984,0.39215,0.40158,0.36683,0.37552,0.31187,0.28965,0.34475,0.41726,0.38684,0.33663,0.41197,0.27015,0.43848,0.51622,0.50329,0.3078,0.43076,0.38359,0.39692,0.26983,0.40776,0.42991,0.26227,0.41409,1,0.37593,0.2365,0.029739,0.41137,0.29847,0.49976,0.50696,0.26488,0.21556,0.38379,0.45219,0.37044,0.10564,0.17786,0.41645,0.28675,-0.010774,0.19361,0.19078,0.38618,0.48203,0.34887,0.33608,0.28148,0.28626,0.3324,0.27469,0.233,0.26167,0.25022,0.30837,0.14929,0.14519,0.17613
0.62294,0.44207,0.5609,0.68323,0.3786,0.64597,0.66476,0.44174,0.56895,0.64099,0.31221,0.49727,0.49154,0.45816,0.51204,0.46085,0.44576,0.51393,0.44226,0.37516,0.54934,0.47983,0.48807,0.40642,0.59082,0.42499,0.28616,0.56196,0.52057,0.60307,0.53723,0.4868,0.49275,0.3591,0.34864,0.37519,0.54141,0.57683,0.38522,0.37218,0.54591,0.45812,0.33872,0.2978,0.48871,0.5515,0.4697,0.43733,0.55322,0.51292,0.46489,0.37872,0.53584,0.38207,0.28913,0.5976,0.57882,0.37593,1,0.3419,0.36418,0.4128,0.493,0.23848,0.41757,0.40689,0.32253,0.61541,0.53157,0.42994,0.39127,0.34574,0.64906,0.58485,0.17436,0.40618,0.35843,0.60111,0.69511,0.63381,0.26422,0.44523,0.61347,0.55459,0.54883,0.35563,0.50912,0.46848,0.59233,0.32695,0.40488,0.27907
0.35205,0.29173,0.28067,0.38192,0.25623,0.36859,0.37646,0.39447,0.35627,0.39097,0.23447,0.34867,0.30673,0.28984,0.33048,0.29783,0.3,0.3013,0.27343,0.24704,0.30855,0.29739,0.31032,0.25338,0.35509,0.2138,0.21927,0.35964,0.31915,0.33171,0.32351,0.27673,0.30025,0.27912,0.31558,0.27675,0.328,0.34954,0.26128,0.28741,0.31059,0.24946,0.25024,0.21384,0.32799,0.30452,0.29255,0.27672,0.32303,0.35611,0.33788,0.26428,0.33758,0.29633,0.1858,0.3288,0.36964,0.2365,0.3419,1,0.25744,0.30196,0.34539,0.15545,0.29683,0.27751,0.17888,0.35197,0.34612,0.34538,0.31603,0.24352,0.36477,0.33104,0.13344,0.27077,0.28643,0.35269,0.33829,0.35392,0.20945,0.31498,0.3654,0.3877,0.29951,0.27152,0.35569,0.33655,0.37583,0.24255,0.29466,0.11721
0.29643,0.12387,0.21584,0.42447,0.17987,0.36354,0.38068,0.18787,0.33546,0.41848,0.10793,0.34414,0.17211,0.15146,0.17387,0.17325,0.14326,0.17749,0.21794,0.14297,0.18976,0.15864,0.14284,0.13532,0.4399,0.23482,0.19312,0.42534,0.354,0.34294,0.41153,0.40801,0.29067,0.18448,0.17678,0.19804,0.27748,0.34358,0.27625,0.21204,0.29334,0.27364,0.19855,0.052636,0.37363,0.25259,0.15588,0.13973,0.36937,0.25753,0.26362,0.18487,0.4126,0.1857,0.10217,0.46018,0.32786,0.029739,0.36418,0.25744,1,0.20791,0.30912,0.0070019,0.17401,0.32484,0.20353,0.33072,0.26521,0.23343,0.52361,0.40856,0.37177,0.43712,0.23168,0.3571,0.2533,0.33359,0.29234,0.37375,0.15052,0.30081,0.43424,0.36224,0.40306,0.29105,0.42231,0.33851,0.3844,0.38262,0.33923,0.10902
0.51791,0.54231,0.53534,0.41972,0.51932,0.46115,0.45707,0.46006,0.51449,0.39741,0.47492,0.39967,0.53203,0.48324,0.52255,0.46686,0.52504,0.49426,0.37373,0.38774,0.52686,0.53301,0.51293,0.38024,0.41722,0.37729,0.3464,0.34915,0.46805,0.38396,0.37473,0.32049,0.38109,0.41172,0.39555,0.47184,0.42427,0.38697,0.48824,0.48112,0.50087,0.44424,0.34507,0.33236,0.40467,0.487,0.52617,0.51424,0.39524,0.51353,0.44043,0.499,0.41407,0.42038,0.42718,0.38718,0.48317,0.41137,0.4128,0.30196,0.20791,1,0.38626,0.405,0.53521,0.35219,0.30914,0.46193,0.56338,0.43132,0.27805,0.28843,0.46908,0.37791,0.062462,0.27798,0.29321,0.43684,0.48125,0.44389,0.31244,0.3921,0.37701,0.42993,0.33466,0.31821,0.37296,0.31066,0.40657,0.26176,0.28189,0.21989
0.45871,0.35708,0.38075,0.56314,0.30339,0.50891,0.52874,0.53635,0.51333,0.48001,0.32035,0.51375,0.34739,0.34691,0.37329,0.32305,0.39457,0.35383,0.3145,0.26275,0.37862,0.4063,0.37289,0.27095,0.4737,0.33804,0.31032,0.47717,0.43591,0.44404,0.48911,0.38482,0.4262,0.41124,0.39891,0.37513,0.38932,0.4435,0.39238,0.36012,0.43508,0.40998,0.2942,0.19343,0.47431,0.40986,0.32856,0.33506,0.4564,0.43324,0.50525,0.32079,0.52397,0.33443,0.34208,0.50438,0.44199,0.29847,0.493,0.34539,0.30912,0.38626,1,0.34187,0.46082,0.41061,0.20757,0.49199,0.56388,0.47611,0.33864,0.33461,0.5441,0.50364,0.083561,0.37559,0.27218,0.41489,0.4427,0.52228,0.28735,0.30509,0.6056,0.43622,0.44778,0.36757,0.54398,0.33456,0.44912,0.30386,0.3252,0.30165
0.35926,0.48613,0.46964,0.17605,0.39964,0.25374,0.21665,0.43706,0.39296,0.15781,0.59194,0.33419,0.39422,0.35826,0.43461,0.37,0.43141,0.37353,0.18572,0.28147,0.43419,0.449,0.4609,0.28315,0.24408,0.36288,0.27444,0.18221,0.32218,0.23146,0.2259,0.21791,0.31178,0.30285,0.41522,0.32686,0.25329,0.20962,0.35154,0.35846,0.33238,0.30387,0.30865,0.4074,0.27551,0.28193,0.42149,0.4521,0.3077,0.39323,0.53667,0.35201,0.37889,0.31902,0.53241,0.21028,0.42255,0.49976,0.23848,0.15545,0.0070019,0.405,0.34187,1,0.48683,0.34504,0.23507,0.25076,0.42592,0.5774,0.093227,0.21884,0.29126,0.22077,-0.052425,0.17525,0.039436,0.29897,0.33194,0.25463,0.36669,0.17452,0.2523,0.22087,0.19469,0.25903,0.14728,0.14504,0.15814,0.20913,0.086427,0.27431
0.55312,0.58495,0.6198,0.4362,0.46845,0.50162,0.45113,0.62164,0.62079,0.37697,0.56096,0.49654,0.55609,0.51088,0.59616,0.48667,0.61045,0.55511,0.39846,0.43123,0.57165,0.5746,0.58361,0.40632,0.4839,0.32769,0.34441,0.3977,0.51035,0.35334,0.41567,0.34455,0.40753,0.46322,0.45937,0.44332,0.41558,0.38891,0.47941,0.45314,0.53283,0.5443,0.32454,0.34566,0.48886,0.48773,0.52098,0.51333,0.42039,0.52808,0.52858,0.45398,0.50515,0.37211,0.46088,0.42152,0.54331,0.50696,0.41757,0.29683,0.17401,0.53521,0.46082,0.48683,1,0.39648,0.26534,0.47646,0.60273,0.48117,0.27336,0.34212,0.52174,0.43953,0.068975,0.30455,0.28579,0.47565,0.46239,0.50262,0.39817,0.32891,0.46548,0.40857,0.33566,0.34781,0.41605,0.29326,0.39426,0.3193,0.25142,0.20652
0.41444,0.30619,0.39434,0.38919,0.33363,0.38889,0.39924,0.47089,0.55354,0.35363,0.38458,0.53447,0.3285,0.28828,0.32442,0.31385,0.30899,0.2973,0.25785,0.25372,0.3476,0.34606,0.31651,0.24886,0.49751,0.41005,0.25394,0.45862,0.53154,0.40045,0.40008,0.42298,0.4557,0.3405,0.41998,0.36096,0.36407,0.3785,0.47645,0.35818,0.40342,0.35182,0.3037,0.24715,0.49588,0.30886,0.35492,0.32734,0.48557,0.37389,0.61546,0.33719,0.5109,0.33918,0.41859,0.4813,0.51105,0.26488,0.40689,0.27751,0.32484,0.35219,0.41061,0.34504,0.39648,1,0.31344,0.34214,0.40292,0.53388,0.35129,0.44131,0.3779,0.51581,0.07578,0.3875,0.17313,0.44633,0.38152,0.39055,0.32702,0.29037,0.49054,0.3725,0.4174,0.38507,0.35816,0.34537,0.34434,0.40972,0.23511,0.1964
0.3077,0.3007,0.30851,0.27727,0.31725,0.28628,0.29887,0.22367,0.32753,0.26753,0.29906,0.28574,0.30154,0.29315,0.27419,0.2697,0.26838,0.2908,0.23672,0.25226,0.31343,0.27743,0.29046,0.25309,0.31381,0.31344,0.23949,0.27517,0.32531,0.27762,0.25801,0.25229,0.28363,0.26908,0.21406,0.26862,0.29175,0.27821,0.33226,0.28266,0.30204,0.26443,0.27848,0.20581,0.29067,0.30314,0.33274,0.3175,0.28206,0.28059,0.32588,0.35042,0.31335,0.3425,0.35733,0.3328,0.31654,0.21556,0.32253,0.17888,0.20353,0.30914,0.20757,0.23507,0.26534,0.31344,1,0.28573,0.28301,0.26777,0.23045,0.23126,0.29124,0.31788,0.065964,0.18966,0.18624,0.29455,0.32655,0.28539,0.20133,0.27173,0.2911,0.23481,0.26033,0.20821,0.19443,0.22763,0.26935,0.19216,0.19399,0.14859
0.66717,0.46146,0.57473,0.66714,0.36719,0.65176,0.68152,0.45399,0.52835,0.64007,0.31474,0.42783,0.5299,0.5186,0.54838,0.47796,0.4971,0.55354,0.45543,0.37522,0.56087,0.50953,0.52113,0.40783,0.555,0.36234,0.30253,0.50425,0.49378,0.55051,0.486,0.40741,0.4412,0.40816,0.33358,0.39957,0.53019,0.56504,0.36586,0.37546,0.54075,0.49058,0.30436,0.27694,0.47939,0.58858,0.45649,0.42909,0.49054,0.58091,0.4073,0.39488,0.50587,0.35424,0.2829,0.54646,0.53618,0.38379,0.61541,0.35197,0.33072,0.46193,0.49199,0.25076,0.47646,0.34214,0.28573,1,0.62029,0.39205,0.35702,0.32013,0.74965,0.52389,0.16051,0.3613,0.41261,0.51305,0.65136,0.57323,0.22067,0.43541,0.56357,0.56773,0.45944,0.33304,0.5153,0.43048,0.64889,0.29305,0.39929,0.27079
0.63699,0.6029,0.63954,0.56422,0.41527,0.58171,0.57599,0.55623,0.59671,0.51709,0.40885,0.44568,0.56193,0.54562,0.60029,0.50932,0.59603,0.56474,0.42899,0.40228,0.56928,0.61726,0.57526,0.41224,0.54427,0.32499,0.3384,0.46225,0.54563,0.46968,0.46923,0.37935,0.39165,0.42479,0.42828,0.50362,0.50524,0.48894,0.43925,0.41834,0.59596,0.51241,0.29721,0.32715,0.49131,0.59069,0.53891,0.48338,0.51069,0.62263,0.56576,0.46059,0.55239,0.42435,0.40643,0.50454,0.59927,0.45219,0.53157,0.34612,0.26521,0.56338,0.56388,0.42592,0.60273,0.40292,0.28301,0.62029,1,0.51982,0.3322,0.33708,0.68408,0.48361,0.010985,0.33455,0.37666,0.52273,0.57397,0.59261,0.28979,0.43722,0.53074,0.50536,0.40733,0.35244,0.49944,0.35824,0.53553,0.29666,0.35648,0.25311
0.50135,0.46488,0.51067,0.39398,0.42051,0.44193,0.41312,0.59581,0.60213,0.3639,0.51177,0.53622,0.44227,0.40168,0.46051,0.4502,0.43783,0.42352,0.28643,0.32704,0.46343,0.4734,0.46763,0.35248,0.48283,0.41802,0.26896,0.44822,0.52258,0.4099,0.45187,0.3835,0.486,0.34953,0.51452,0.42263,0.4166,0.38978,0.48481,0.42202,0.43724,0.38208,0.32701,0.41713,0.48023,0.37608,0.43285,0.4738,0.52908,0.51008,0.75921,0.36348,0.64772,0.36697,0.41273,0.42412,0.64689,0.37044,0.42994,0.34538,0.23343,0.43132,0.47611,0.5774,0.48117,0.53388,0.26777,0.39205,0.51982,1,0.31881,0.38017,0.43537,0.44563,0.034117,0.33618,0.16825,0.50805,0.43669,0.43826,0.35992,0.28819,0.49262,0.42575,0.36092,0.41991,0.35584,0.35989,0.35272,0.36819,0.25716,0.23979
0.35508,0.20791,0.27735,0.42162,0.25665,0.38514,0.39548,0.3022,0.41217,0.42353,0.17049,0.41499,0.23503,0.22874,0.24419,0.2549,0.23958,0.23512,0.26717,0.22155,0.24777,0.25175,0.21664,0.21591,0.46318,0.25142,0.185,0.44958,0.40094,0.37596,0.41238,0.4134,0.32826,0.23432,0.22632,0.27673,0.33464,0.36917,0.33223,0.28808,0.34737,0.30385,0.20598,0.10004,0.42242,0.29446,0.21501,0.19971,0.38607,0.32063,0.34132,0.26027,0.41872,0.24247,0.1339,0.46282,0.38614,0.10564,0.39127,0.31603,0.52361,0.27805,0.33864,0.093227,0.27336,0.35129,0.23045,0.35702,0.3322,0.31881,1,0.44,0.39363,0.44522,0.2212,0.38936,0.28084,0.37113,0.32091,0.38792,0.19855,0.31138,0.45503,0.38349,0.41832,0.32031,0.41171,0.35902,0.38384,0.4203,0.35779,0.1142
0.34965,0.24554,0.3225,0.35715,0.29038,0.34542,0.33856,0.34716,0.46715,0.34506,0.28455,0.44268,0.24806,0.22847,0.2669,0.25961,0.25357,0.24376,0.23581,0.22419,0.27832,0.27517,0.23916,0.22087,0.4283,0.28582,0.19109,0.40807,0.45477,0.34423,0.38382,0.39997,0.32496,0.26725,0.27891,0.29378,0.31117,0.3304,0.40558,0.30624,0.34924,0.33533,0.22543,0.17343,0.43924,0.27472,0.25685,0.24945,0.39801,0.31053,0.42637,0.26461,0.45097,0.25694,0.26453,0.41535,0.41573,0.17786,0.34574,0.24352,0.40856,0.28843,0.33461,0.21884,0.34212,0.44131,0.23126,0.32013,0.33708,0.38017,0.44,1,0.36827,0.42915,0.13265,0.37417,0.19343,0.36276,0.29153,0.35084,0.26041,0.24493,0.42914,0.3391,0.399,0.33968,0.34819,0.29507,0.31618,0.43109,0.25155,0.15939
0.71672,0.49202,0.60206,0.70681,0.38388,0.68779,0.7257,0.51536,0.58387,0.67619,0.34288,0.47862,0.54198,0.52052,0.59072,0.50788,0.54274,0.58657,0.4765,0.39619,0.59117,0.52949,0.55463,0.4315,0.61011,0.40043,0.31336,0.53528,0.53251,0.56734,0.52666,0.4376,0.46423,0.43063,0.35811,0.42699,0.55523,0.59339,0.39132,0.38237,0.56955,0.53272,0.30934,0.30889,0.51513,0.6044,0.48169,0.44659,0.5317,0.60505,0.47312,0.3965,0.58041,0.36423,0.30964,0.58542,0.60199,0.41645,0.64906,0.36477,0.37177,0.46908,0.5441,0.29126,0.52174,0.3779,0.29124,0.74965,0.68408,0.43537,0.39363,0.36827,1,0.56862,0.12543,0.37082,0.42305,0.55449,0.68627,0.59657,0.22986,0.43722,0.62386,0.59774,0.48972,0.34818,0.54222,0.43915,0.66949,0.3251,0.39265,0.30318
0.54667,0.34856,0.4863,0.62065,0.34773,0.58273,0.60441,0.46689,0.61245,0.55562,0.32369,0.5535,0.41147,0.38137,0.42435,0.37843,0.36558,0.40759,0.42328,0.32084,0.4594,0.39522,0.39584,0.33424,0.66854,0.42479,0.30505,0.61635,0.57606,0.54038,0.55281,0.5166,0.49863,0.42565,0.35921,0.35395,0.4838,0.55625,0.45647,0.37632,0.52343,0.46044,0.35476,0.21725,0.55586,0.45329,0.39423,0.37683,0.5902,0.4658,0.51287,0.35649,0.62845,0.33508,0.29841,0.67191,0.56689,0.28675,0.58485,0.33104,0.43712,0.37791,0.50364,0.22077,0.43953,0.51581,0.31788,0.52389,0.48361,0.44563,0.44522,0.42915,0.56862,1,0.1914,0.41416,0.31999,0.57275,0.53358,0.59097,0.29974,0.39114,0.66504,0.53009,0.55032,0.37966,0.5317,0.47624,0.54068,0.39334,0.38594,0.2417
0.14677,0.049293,0.076768,0.24458,0.11384,0.21226,0.22158,0.045826,0.11918,0.23681,0.039786,0.16641,0.098874,0.1062,0.095017,0.12286,0.068934,0.11313,0.16845,0.11241,0.095879,0.099132,0.066696,0.13599,0.19263,0.080156,0.0059674,0.23463,0.1071,0.17926,0.17197,0.18229,0.12623,0.074509,-0.0045659,0.034222,0.18176,0.21822,0.076665,0.10439,0.1101,0.1242,0.10483,-0.040998,0.1499,0.12627,0.038929,0.025431,0.13576,0.14007,-0.027638,0.041478,0.13183,-0.028447,-0.12654,0.18567,0.11722,-0.010774,0.17436,0.13344,0.23168,0.062462,0.083561,-0.052425,0.068975,0.07578,0.065964,0.16051,0.010985,0.034117,0.2212,0.13265,0.12543,0.1914,1,0.17511,0.25176,0.16216,0.14477,0.18201,0.020268,0.17077,0.20302,0.23671,0.18792,0.1373,0.2118,0.15826,0.22368,0.1664,0.20608,0.05243
0.35682,0.24064,0.31316,0.40975,0.23612,0.38792,0.39769,0.34478,0.40835,0.39325,0.22853,0.41378,0.26199,0.26053,0.27708,0.2562,0.25446,0.26076,0.2434,0.20422,0.28863,0.28975,0.2531,0.21123,0.41617,0.27132,0.19022,0.42715,0.41787,0.38064,0.39066,0.38677,0.34715,0.24364,0.2648,0.26751,0.33404,0.36057,0.29827,0.28201,0.36109,0.32911,0.19856,0.14631,0.4153,0.29915,0.25252,0.23927,0.38972,0.34076,0.3663,0.23035,0.39987,0.21393,0.18684,0.43154,0.39592,0.19361,0.40618,0.27077,0.3571,0.27798,0.37559,0.17525,0.30455,0.3875,0.18966,0.3613,0.33455,0.33618,0.38936,0.37417,0.37082,0.41416,0.17511,1,0.22545,0.37313,0.34569,0.38718,0.21395,0.2827,0.43058,0.36532,0.39857,0.3318,0.42454,0.31699,0.34743,0.39791,0.29732,0.18812
0.38039,0.36401,0.32476,0.39835,0.23981,0.39984,0.41487,0.26018,0.28854,0.41773,0.13934,0.25582,0.36139,0.35421,0.34873,0.359,0.35577,0.36846,0.42953,0.32714,0.32487,0.3556,0.31639,0.31476,0.34433,0.1463,0.17023,0.32822,0.27867,0.31338,0.29725,0.25259,0.2057,0.27638,0.14385,0.24205,0.34656,0.35891,0.1969,0.22282,0.36722,0.31856,0.16682,0.097195,0.28363,0.40139,0.2892,0.22471,0.2654,0.34926,0.16701,0.2643,0.2651,0.2267,0.10112,0.32457,0.28788,0.19078,0.35843,0.28643,0.2533,0.29321,0.27218,0.039436,0.28579,0.17313,0.18624,0.41261,0.37666,0.16825,0.28084,0.19343,0.42305,0.31999,0.25176,0.22545,1,0.34286,0.35054,0.40175,0.10582,0.37711,0.32402,0.3998,0.27486,0.20246,0.33818,0.28372,0.3962,0.19506,0.34737,0.10743
0.59566,0.48842,0.57191,0.56795,0.44235,0.60776,0.58875,0.5224,0.63165,0.52835,0.42028,0.53441,0.52644,0.46874,0.55509,0.49725,0.45316,0.50116,0.45461,0.41157,0.56873,0.50262,0.51591,0.44206,0.61149,0.46207,0.33065,0.54104,0.53703,0.54389,0.51415,0.48298,0.5134,0.38366,0.40937,0.40223,0.52001,0.53009,0.42571,0.43418,0.56784,0.44732,0.38978,0.33487,0.50018,0.48462,0.489,0.47155,0.57078,0.5407,0.52756,0.38699,0.56374,0.35031,0.28209,0.58303,0.66313,0.38618,0.60111,0.35269,0.33359,0.43684,0.41489,0.29897,0.47565,0.44633,0.29455,0.51305,0.52273,0.50805,0.37113,0.36276,0.55449,0.57275,0.16216,0.37313,0.34286,1,0.5993,0.60871,0.35299,0.41703,0.58116,0.5557,0.52154,0.39933,0.4655,0.47619,0.51113,0.34241,0.35169,0.23889
0.69971,0.51398,0.63102,0.6527,0.45705,0.67547,0.69823,0.46879,0.54065,0.62412,0.41799,0.44977,0.58374,0.55063,0.62628,0.5261,0.51824,0.59517,0.46144,0.40213,0.64174,0.5539,0.58069,0.45764,0.56365,0.443,0.35024,0.50768,0.51517,0.56912,0.50792,0.42943,0.51317,0.41468,0.39634,0.38752,0.55886,0.57766,0.37877,0.41888,0.56927,0.47015,0.38505,0.36931,0.46195,0.60798,0.56131,0.52376,0.52857,0.59262,0.45489,0.41617,0.50371,0.4108,0.34262,0.55439,0.58889,0.48203,0.69511,0.33829,0.29234,0.48125,0.4427,0.33194,0.46239,0.38152,0.32655,0.65136,0.57397,0.43669,0.32091,0.29153,0.68627,0.53358,0.14477,0.34569,0.35054,0.5993,1,0.6084,0.24515,0.44521,0.57633,0.60828,0.49296,0.32865,0.47863,0.45537,0.59862,0.27007,0.36571,0.31169
0.57656,0.47439,0.58176,0.66399,0.38189,0.65678,0.62621,0.45982,0.5775,0.60017,0.32033,0.48506,0.50132,0.46493,0.52824,0.44613,0.47637,0.50834,0.45271,0.37226,0.52452,0.4788,0.46709,0.40515,0.62709,0.35339,0.33043,0.5707,0.53047,0.5704,0.57395,0.497,0.42288,0.35907,0.36275,0.37198,0.48307,0.55047,0.40875,0.39152,0.58103,0.52583,0.32304,0.2603,0.51226,0.53627,0.44753,0.40096,0.56208,0.54182,0.4536,0.37102,0.59212,0.33913,0.25744,0.62333,0.58274,0.34887,0.63381,0.35392,0.37375,0.44389,0.52228,0.25463,0.50262,0.39055,0.28539,0.57323,0.59261,0.43826,0.38792,0.35084,0.59657,0.59097,0.18201,0.38718,0.40175,0.60871,0.6084,1,0.31561,0.46061,0.64977,0.56111,0.51867,0.36243,0.55193,0.47424,0.56252,0.32139,0.41792,0.29185
0.26181,0.31273,0.32439,0.22422,0.32602,0.26992,0.22844,0.38288,0.38537,0.19754,0.39546,0.32532,0.28358,0.24423,0.30369,0.25854,0.32376,0.2552,0.19707,0.22984,0.32328,0.32041,0.30755,0.21665,0.30713,0.30327,0.27919,0.25337,0.3453,0.27553,0.26634,0.27786,0.30089,0.28511,0.34192,0.28393,0.25582,0.2384,0.34024,0.32411,0.31189,0.29158,0.28852,0.2759,0.29095,0.22826,0.3086,0.32126,0.30328,0.28207,0.40271,0.3005,0.31914,0.29443,0.35031,0.29494,0.35203,0.33608,0.26422,0.20945,0.15052,0.31244,0.28735,0.36669,0.39817,0.32702,0.20133,0.22067,0.28979,0.35992,0.19855,0.26041,0.22986,0.29974,0.020268,0.21395,0.10582,0.35299,0.24515,0.31561,1,0.2069,0.28068,0.23377,0.29652,0.26286,0.24717,0.23567,0.21094,0.24044,0.13991,0.13217
0.42569,0.3816,0.41886,0.46669,0.30036,0.43602,0.45925,0.30482,0.40557,0.46226,0.25155,0.29639,0.41246,0.36932,0.4018,0.36122,0.37067,0.38363,0.38117,0.29889,0.41258,0.37898,0.36328,0.31292,0.41385,0.26855,0.24641,0.39022,0.37419,0.39537,0.37166,0.332,0.3076,0.27452,0.25503,0.32564,0.39504,0.4135,0.29728,0.30091,0.41754,0.34838,0.28314,0.19184,0.33562,0.43428,0.40237,0.331,0.36621,0.41705,0.31073,0.34072,0.35924,0.31288,0.21919,0.40228,0.42051,0.28148,0.44523,0.31498,0.30081,0.3921,0.30509,0.17452,0.32891,0.29037,0.27173,0.43541,0.43722,0.28819,0.31138,0.24493,0.43722,0.39114,0.17077,0.2827,0.37711,0.41703,0.44521,0.46061,0.2069,1,0.38013,0.42951,0.34349,0.27048,0.39569,0.33759,0.44677,0.21675,0.36758,0.16156
0.57312,0.36042,0.49501,0.69974,0.3243,0.67072,0.66329,0.51641,0.60967,0.61945,0.33054,0.61521,0.42193,0.41075,0.44817,0.38867,0.38559,0.43,0.40076,0.3227,0.45202,0.41175,0.4016,0.33511,0.67,0.40023,0.35309,0.63552,0.56896,0.54739,0.61456,0.51133,0.48399,0.3657,0.35632,0.378,0.46833,0.56696,0.41942,0.36479,0.53876,0.47998,0.29741,0.22314,0.57884,0.46996,0.37353,0.33802,0.60525,0.49343,0.55197,0.30969,0.70628,0.30063,0.27538,0.67081,0.58935,0.28626,0.61347,0.3654,0.43424,0.37701,0.6056,0.2523,0.46548,0.49054,0.2911,0.56357,0.53074,0.49262,0.45503,0.42914,0.62386,0.66504,0.20302,0.43058,0.32402,0.58116,0.57633,0.64977,0.28068,0.38013,1,0.5707,0.55471,0.41871,0.57995,0.48571,0.5681,0.3991,0.40406,0.29315
0.628,0.42911,0.53952,0.62247,0.39664,0.63132,0.63804,0.47018,0.54502,0.59297,0.33868,0.49205,0.50449,0.47617,0.52812,0.46057,0.4458,0.5206,0.44862,0.37988,0.52402,0.47702,0.48774,0.43457,0.57254,0.39045,0.28816,0.5447,0.49296,0.52749,0.48191,0.42263,0.44312,0.38689,0.34651,0.35628,0.51748,0.5646,0.3439,0.39328,0.53195,0.43618,0.31149,0.26591,0.46792,0.51134,0.42755,0.4056,0.507,0.57921,0.41508,0.31513,0.52395,0.26161,0.194,0.54237,0.57667,0.3324,0.55459,0.3877,0.36224,0.42993,0.43622,0.22087,0.40857,0.3725,0.23481,0.56773,0.50536,0.42575,0.38349,0.3391,0.59774,0.53009,0.23671,0.36532,0.3998,0.5557,0.60828,0.56111,0.23377,0.42951,0.5707,1,0.46367,0.36546,0.53312,0.44587,0.58118,0.31961,0.40742,0.2378
0.47904,0.30017,0.40904,0.53506,0.32401,0.51141,0.53655,0.3872,0.52744,0.51004,0.26995,0.47377,0.34269,0.33504,0.34709,0.32781,0.32217,0.34613,0.35125,0.28417,0.38378,0.3593,0.35272,0.29885,0.53982,0.41916,0.28884,0.52351,0.48172,0.54866,0.46015,0.50455,0.48535,0.35345,0.31713,0.32205,0.43761,0.49705,0.36361,0.3514,0.45645,0.36834,0.29468,0.16543,0.48122,0.40459,0.32294,0.32124,0.53201,0.40344,0.4165,0.30678,0.48559,0.28721,0.24235,0.60243,0.51333,0.27469,0.54883,0.29951,0.40306,0.33466,0.44778,0.19469,0.33566,0.4174,0.26033,0.45944,0.40733,0.36092,0.41832,0.399,0.48972,0.55032,0.18792,0.39857,0.27486,0.52154,0.49296,0.51867,0.29652,0.34349,0.55471,0.46367,1,0.39219,0.47376,0.43101,0.46492,0.38009,0.3348,0.22849
0.38222,0.30782,0.38108,0.36609,0.31092,0.3533,0.36314,0.40513,0.48169,0.35644,0.30881,0.44823,0.31194,0.29299,0.31809,0.30371,0.30284,0.29355,0.26102,0.24207,0.35464,0.33529,0.31642,0.26571,0.38573,0.33866,0.22551,0.37209,0.40564,0.36855,0.35679,0.35506,0.40948,0.29543,0.36166,0.29724,0.32996,0.3309,0.34618,0.33732,0.38082,0.3341,0.25658,0.15892,0.40505,0.29171,0.3271,0.3065,0.40698,0.37242,0.43581,0.28369,0.41907,0.24616,0.23747,0.38004,0.44191,0.233,0.35563,0.27152,0.29105,0.31821,0.36757,0.25903,0.34781,0.38507,0.20821,0.33304,0.35244,0.41991,0.32031,0.33968,0.34818,0.37966,0.1373,0.3318,0.20246,0.39933,0.32865,0.36243,0.26286,0.27048,0.41871,0.36546,0.39219,1,0.3628,0.31697,0.33908,0.3237,0.24273,0.15087
0.48481,0.32198,0.41355,0.60658,0.28883,0.56659,0.57989,0.44948,0.4988,0.55593,0.24914,0.46306,0.35002,0.34191,0.38135,0.31313,0.3607,0.36525,0.35449,0.26255,0.38662,0.37598,0.34089,0.26512,0.54924,0.29787,0.2867,0.53771,0.49276,0.44415,0.53273,0.42413,0.39301,0.34902,0.33514,0.33256,0.42179,0.47327,0.33878,0.34878,0.47545,0.48786,0.25105,0.15874,0.49509,0.43581,0.32882,0.29768,0.47173,0.46416,0.37854,0.30343,0.49927,0.26299,0.19125,0.54085,0.45267,0.26167,0.50912,0.35569,0.42231,0.37296,0.54398,0.14728,0.41605,0.35816,0.19443,0.5153,0.49944,0.35584,0.41171,0.34819,0.54222,0.5317,0.2118,0.42454,0.33818,0.4655,0.47863,0.55193,0.24717,0.39569,0.57995,0.53312,0.47376,0.3628,1,0.40516,0.53838,0.35047,0.40168,0.21686
0.43484,0.30099,0.38101,0.47486,0.29139,0.48289,0.48617,0.3587,0.43308,0.47017,0.23397,0.41643,0.32756,0.31737,0.33538,0.32859,0.30062,0.32832,0.32502,0.26458,0.36087,0.31635,0.3179,0.28455,0.50279,0.31501,0.26275,0.50063,0.41197,0.44246,0.43464,0.38844,0.39513,0.2646,0.29903,0.29212,0.39317,0.44479,0.30304,0.31634,0.39407,0.36163,0.27503,0.21587,0.4009,0.35404,0.31125,0.29588,0.44819,0.38121,0.3786,0.27315,0.43938,0.26338,0.17374,0.47809,0.45613,0.25022,0.46848,0.33655,0.33851,0.31066,0.33456,0.14504,0.29326,0.34537,0.22763,0.43048,0.35824,0.35989,0.35902,0.29507,0.43915,0.47624,0.15826,0.31699,0.28372,0.47619,0.45537,0.47424,0.23567,0.33759,0.48571,0.44587,0.43101,0.31697,0.40516,1,0.43906,0.28806,0.31617,0.19472
0.60339,0.36769,0.49527,0.69367,0.32581,0.64826,0.67125,0.41351,0.51269,0.67775,0.2633,0.42986,0.45673,0.42712,0.46996,0.41953,0.40275,0.47251,0.44404,0.33574,0.48146,0.4265,0.43095,0.38321,0.57034,0.35916,0.28134,0.5174,0.47805,0.53138,0.49018,0.41346,0.42643,0.36295,0.3061,0.35736,0.53617,0.58858,0.34709,0.35439,0.51453,0.44637,0.29485,0.20714,0.4644,0.5566,0.39193,0.36116,0.48578,0.5415,0.37287,0.33155,0.49774,0.30018,0.19921,0.55642,0.52507,0.30837,0.59233,0.37583,0.3844,0.40657,0.44912,0.15814,0.39426,0.34434,0.26935,0.64889,0.53553,0.35272,0.38384,0.31618,0.66949,0.54068,0.22368,0.34743,0.3962,0.51113,0.59862,0.56252,0.21094,0.44677,0.5681,0.58118,0.46492,0.33908,0.53838,0.43906,1,0.29723,0.41495,0.24233
0.32247,0.2203,0.28814,0.33367,0.26485,0.32888,0.33246,0.33171,0.41934,0.33187,0.27212,0.42974,0.23376,0.21081,0.23447,0.25181,0.24159,0.23025,0.2303,0.21179,0.25917,0.26286,0.22506,0.21003,0.39547,0.26652,0.16283,0.38862,0.41908,0.33867,0.36477,0.38196,0.31791,0.23182,0.24515,0.25335,0.30269,0.31578,0.35043,0.28658,0.32492,0.3167,0.1942,0.13705,0.41593,0.25438,0.21426,0.23105,0.38174,0.30147,0.3983,0.22499,0.4102,0.19804,0.20568,0.38852,0.3955,0.14929,0.32695,0.24255,0.38262,0.26176,0.30386,0.20913,0.3193,0.40972,0.19216,0.29305,0.29666,0.36819,0.4203,0.43109,0.3251,0.39334,0.1664,0.39791,0.19506,0.34241,0.27007,0.32139,0.24044,0.21675,0.3991,0.31961,0.38009,0.3237,0.35047,0.28806,0.29723,1,0.23753,0.15272
0.37086,0.25376,0.31245,0.47981,0.2339,0.39526,0.42367,0.25655,0.37758,0.4624,0.14493,0.29374,0.29253,0.30006,0.2946,0.2959,0.25521,0.28773,0.31296,0.25861,0.29276,0.2944,0.26188,0.2597,0.4227,0.20424,0.18208,0.41663,0.33194,0.34829,0.39539,0.33406,0.26603,0.20877,0.17613,0.26256,0.33759,0.39148,0.23852,0.24997,0.35369,0.29417,0.19828,0.11516,0.3416,0.33426,0.2627,0.23593,0.3432,0.35397,0.26127,0.24219,0.3819,0.23389,0.10391,0.43094,0.36264,0.14519,0.40488,0.29466,0.33923,0.28189,0.3252,0.086427,0.25142,0.23511,0.19399,0.39929,0.35648,0.25716,0.35779,0.25155,0.39265,0.38594,0.20608,0.29732,0.34737,0.35169,0.36571,0.41792,0.13991,0.36758,0.40406,0.40742,0.3348,0.24273,0.40168,0.31617,0.41495,0.23753,1,0.15735
0.26987,0.20991,0.2554,0.28742,0.22837,0.29589,0.30884,0.22528,0.23809,0.2746,0.2363,0.22836,0.21259,0.2059,0.2423,0.17885,0.21583,0.21657,0.15475,0.1528,0.23358,0.22619,0.22014,0.14799,0.24367,0.18874,0.14579,0.23034,0.2191,0.25642,0.24424,0.21743,0.20721,0.16207,0.17244,0.17598,0.2123,0.24508,0.19997,0.19302,0.23449,0.23268,0.15321,0.19331,0.21113,0.244,0.2012,0.21933,0.25351,0.2479,0.25182,0.16437,0.28302,0.12243,0.15151,0.2541,0.23893,0.17613,0.27907,0.11721,0.10902,0.21989,0.30165,0.27431,0.20652,0.1964,0.14859,0.27079,0.25311,0.23979,0.1142,0.15939,0.30318,0.2417,0.05243,0.18812,0.10743,0.23889,0.31169,0.29185,0.13217,0.16156,0.29315,0.2378,0.22849,0.15087,0.21686,0.19472,0.24233,0.15272,0.15735,1
